{
  "lhe_path": "events/pp_ttbar_lo_13tev/Events/run_01/unweighted_events.lhe.gz",
  "n_events": 100,
  "sum_raw_weight": 52230.900000000016,
  "sum_norm_weight": 522.309,
  "bin_edges": [
    0.0,
    0.15707963267948966,
    0.3141592653589793,
    0.47123889803846897,
    0.6283185307179586,
    0.7853981633974483,
    0.9424777960769379,
    1.0995574287564276,
    1.2566370614359172,
    1.413716694115407,
    1.5707963267948966,
    1.7278759594743862,
    1.8849555921538759,
    2.0420352248333655,
    2.199114857512855,
    2.356194490192345,
    2.5132741228718345,
    2.670353755551324,
    2.827433388230814,
    2.9845130209103035,
    3.141592653589793
  ],
  "bin_centers": [
    0.07853981633974483,
    0.23561944901923448,
    0.39269908169872414,
    0.5497787143782138,
    0.7068583470577035,
    0.8639379797371931,
    1.0210176124166828,
    1.1780972450961724,
    1.335176877775662,
    1.4922565104551517,
    1.6493361431346414,
    1.806415775814131,
    1.9634954084936207,
    2.1205750411731104,
    2.2776546738526,
    2.4347343065320897,
    2.5918139392115793,
    2.748893571891069,
    2.9059732045705586,
    3.0630528372500483
  ],
  "bin_width": 0.15707963267948966,
  "dsigma_ddphi_pb_per_rad": [
    0.0,
    0.0,
    0.0,
    0.0,
    0.0,
    0.0,
    0.0,
    0.0,
    0.0,
    0.0,
    0.0,
    0.0,
    0.0,
    0.0,
    0.0,
    0.0,
    0.0,
    0.0,
    0.0,
    3325.1223668553903
  ],
  "error_pb_per_rad": [
    0.0,
    0.0,
    0.0,
    0.0,
    0.0,
    0.0,
    0.0,
    0.0,
    0.0,
    0.0,
    0.0,
    0.0,
    0.0,
    0.0,
    0.0,
    0.0,
    0.0,
    0.0,
    0.0,
    332.51223668553905
  ]
}