{
  "lhe_path": "events/pp_ttbar_nlo_13tev/Events/run_12/events.lhe.gz",
  "n_events": 10000,
  "sum_raw_weight": 6938997.422,
  "sum_norm_weight": 693.8997421999998,
  "bin_edges": [
    0.0,
    0.15707963267948966,
    0.3141592653589793,
    0.47123889803846897,
    0.6283185307179586,
    0.7853981633974483,
    0.9424777960769379,
    1.0995574287564276,
    1.2566370614359172,
    1.413716694115407,
    1.5707963267948966,
    1.7278759594743862,
    1.8849555921538759,
    2.0420352248333655,
    2.199114857512855,
    2.356194490192345,
    2.5132741228718345,
    2.670353755551324,
    2.827433388230814,
    2.9845130209103035,
    3.141592653589793
  ],
  "bin_centers": [
    0.07853981633974483,
    0.23561944901923448,
    0.39269908169872414,
    0.5497787143782138,
    0.7068583470577035,
    0.8639379797371931,
    1.0210176124166828,
    1.1780972450961724,
    1.335176877775662,
    1.4922565104551517,
    1.6493361431346414,
    1.806415775814131,
    1.9634954084936207,
    2.1205750411731104,
    2.2776546738526,
    2.4347343065320897,
    2.5918139392115793,
    2.748893571891069,
    2.9059732045705586,
    3.0630528372500483
  ],
  "bin_width": 0.15707963267948966,
  "dsigma_ddphi_pb_per_rad": [
    22.695159386284235,
    15.374140229418353,
    13.909936398045176,
    18.302547892164704,
    10.981528735298825,
    16.83834406079153,
    17.57044597647812,
    14.642038313731765,
    20.49885363922447,
    19.766751723537883,
    24.159363217657415,
    20.49885363922447,
    24.891465133344003,
    36.605095784329414,
    35.87299386864283,
    37.337197700016,
    30.748280458836707,
    35.14089195295624,
    38.0692996157026,
    3963.5997715271883
  ],
  "error_pb_per_rad": [
    4.331173342561924,
    3.6605095784329413,
    3.3549124450559695,
    3.9424894715911676,
    3.191158266850373,
    3.6605095784329413,
    3.733001954024574,
    3.586552266292426,
    4.009887336142897,
    4.2056053183121085,
    4.80071330563853,
    4.512979300658818,
    5.072150857150708,
    6.212090749219783,
    6.255081509580349,
    6.906635659329768,
    8.724001176248205,
    11.102875278005856,
    15.938986915335454,
    67.59168354354411
  ]
}